Running Processes with MD5 Hash:Path,Running Processes with MD5 Hash:MD5 Hash
c:\program files (x86)\adobe\acrobat 11.0\acrobat\acrotray.exe,b85d41c1fa947398d253f7d4c74ee517
c:\program files (x86)\adobe\acrobat 11.0\acrobat\acrotray.exe,503c2e09c6afefd43f8133e1614191db
c:\program files (x86)\java\jre1.8.0_101\bin\jp2launcher.exe,5f85f7f2dfac397d642834b61809240f
c:\program files (x86)\adobe\acrobat 11.0\acrobat\acrobat.exe,79fa69ba96d72e1647fe23ff29bbf9cf
c:\program files (x86)\adobe\acrobat 11.0\acrobat\acrotray.exe,3bc50c3ecbc3838483293deddb9aa28a
c:\program files (x86)\adobe\acrobat 11.0\acrobat\acrotray.exe,54af0144a8368f03b20a11d300795333
c:\program files (x86)\adobe\acrobat 11.0\acrobat\acrodist.exe,42c568a44fa1cd6b04b471916abc2df4
c:\java\jdk1.8.0_31\jre\bin\java.exe,b7a32c3b401100fe1116d6f49ea9816d
c:\program files (x86)\adobe\acrobat 11.0\acrobat\acrobat.exe,07292879991ae1426cc873fa3e4df7c5
c:\java\jdk1.8.0_31\bin\java.exe,b109dd496319a43d1abf2c3546e2628c
c:\javajdk\jdk1.8.0_65\bin\java.exe,6f972b4cef8e4c75eaca3531dbba8e71